[
  {
    "id": 1,
    "ad": "Ayşe Yılmaz",
    "kullanici_adi": "ayseyilmaz",
    "konum": "İstanbul, Türkiye",
    "okul": "Boğaziçi Üniversitesi",
    "dogum_tarihi": "12.03.2000",
    "email": "ayse@example.com",
    "sifre": "123456",
    "kurslar": [
      {
        "id": 101,
        "ad": "Python 101",
        "egitmen": "Elif KAYA",
        "baslangic_tarihi": "2025-07-10",
        "durum": "Devam Ediyor",
        "moduller": [
          {
            "modul_id": "101-1",
            "baslik": "Değişkenler ve Veri Tipleri",
            "tamamlanma": "100%"
          },
          {
            "modul_id": "101-2",
            "baslik": "Koşullar ve Döngüler",
            "tamamlanma": "60%"
          },
          {
            "modul_id": "101-3",
            "baslik": "Fonksiyonlar",
            "tamamlanma": "0%"
          }
        ]
      },
      {
        "id": 103,
        "ad": "Web Geliştirme",
        "egitmen": "Mustafa YILDIZ",
        "baslangic_tarihi": "2025-07-15",
        "durum": "Tamamlandı",
        "moduller": [
          {
            "modul_id": "102-1",
            "baslik": "HTML ve CSS",
            "tamamlanma": "100%"
          },
          {
            "modul_id": "102-2",
            "baslik": "JavaScript'e Giriş",
            "tamamlanma": "100%"
          },
          {
            "modul_id": "102-3",
            "baslik": "Backend Temelleri",
            "tamamlanma": "100%"
          }
        ]
      },
      {
        "id": 102,
        "ad": "Makine Öğrenmesi",
        "egitmen": "Leyla YILMAZ",
        "baslangic_tarihi": "2025-07-20",
        "durum": "Devam Ediyor",
        "moduller": [
          {
            "modul_id": "103-1",
            "baslik": "Makine Öğrenmesine Giriş",
            "tamamlanma": "50%"
          },
          {
            "modul_id": "103-2",
            "baslik": "Veri Hazırlama",
            "tamamlanma": "20%"
          },
          {
            "modul_id": "103-3",
            "baslik": "Model Eğitimi",
            "tamamlanma": "0%"
          }
        ]
      }
    ],
    "hedefler": [
      {
        "id": "g1",
        "baslik": "Python 101 - Modül 2’i tamamla",
        "aciklama": "🏫 Koşullar ve Döngüler - temel kavramları öğren ve alıştırmaları yap.",
        "tamamlandi": false
      },
      {
        "id": "g2",
        "baslik": "Makine Öğrenmesi - Modül 2’ye göz at",
        "aciklama": "👀 İçeriği ön izle ve temel konseptleri anla.",
        "tamamlandi": true
      },
      {
        "id": "g3",
        "baslik": "Günlük 30 dakika çalış",
        "aciklama": "⏱️ İstikrar, başarının anahtarıdır.",
        "tamamlandi": false
      },
      {
        "id": "g4",
        "baslik": "Bir mini quiz çöz",
        "aciklama": "🧠 Bilgilerini test et ve ilerlemeni gör.",
        "tamamlandi": false
      }
    ],
    "bookmarks": [
      {
        "id": 1,
        "title": "Python 101’e Giriş",
        "desc": "Temel sözdizimi, değişkenler ve veri tipleri."
      },
      {
        "id": 2,
        "title": "Veri Yapıları ve Algoritmalar",
        "desc": "Modül 2 - listeler, yığınlar ve sıralama algoritmaları."
      },
      {
        "id": 3,
        "title": "OOP’ye Giriş",
        "desc": "Modül 3 - sınıflar, nesneler ve metodlar."
      }
    ]
  }
]
